id,name,lat,lon,crashes_2022_on,role
sw-34th-st-sw-archer-rd,SW 34th St & SW Archer Rd,29.626806,-82.372432,275,hotspot
sw-40th-blvd-sw-archer-rd,SW 40th Blvd & SW Archer Rd,29.618576,-82.383387,190,hotspot
sw-37th-blvd-sw-archer-rd,SW 37th Blvd & SW Archer Rd,29.620391,-82.380054,184,hotspot
sw-20th-ave-sw-62nd-blvd,SW 20th Ave & SW 62nd Blvd,29.639729,-82.398252,176,hotspot
nw-13th-st-w-university-ave,NW 13th St & W University Ave,29.652048,-82.339166,169,hotspot
sw-34th-st-windmeadows-blvd,SW 34th St & Windmeadows Blvd,29.62832,-82.372736,145,hotspot
nw-13th-st-nw-39th-ave,NW 13th St & NW 39th Ave,29.688364,-82.339008,143,hotspot
sw-35th-blvd-sw-archer-rd,SW 35th Blvd & SW Archer Rd,29.623379,-82.376029,139,hotspot
nw-13th-st-nw-23rd-ave,NW 13th St & NW 23rd Ave,29.673967,-82.33898,132,hotspot
sw-13th-st-sw-16th-ave,SW 13th St & SW 16th Ave,29.636456,-82.339351,131,hotspot
e-university-ave-ne-waldo-rd,E University Ave & NE Waldo Rd,29.651803,-82.311341,129,hotspot
nw-16th-blvd-nw-43rd-st,NW 16th Blvd & NW 43rd St,29.674086,-82.38882,127,hotspot
ne-23rd-ave-ne-waldo-rd,NE 23rd Ave & NE Waldo Rd,29.673747,-82.296703,40,comparison
s-main-st-sw-williston-rd,S Main St & SW Williston Rd,29.618077,-82.332556,26,comparison
sw-4th-pl-sw-62nd-blvd,SW 4th Pl & SW 62nd Blvd,29.647912,-82.402081,17,comparison
sw-20th-ave-sw-39th-way,SW 20th Ave & SW 39th Way,29.633949,-82.383297,13,comparison
sw-28th-ter-sw-35th-pl,SW 28th Ter & SW 35th Pl,29.619756,-82.365674,10,comparison
n-main-st-ne-28th-ave,N Main St & NE 28th Ave,29.677588,-82.319446,8,comparison
se-4th-ave-se-9th-st,SE 4th Ave & SE 9th St,29.648232,-82.314951,7,comparison
sw-2nd-ave-sw-3rd-st,SW 2nd Ave & SW 3rd St,29.650136,-82.327959,5,comparison
