intersection_id,name,split,before_per_year,after_per_year,peer_trend,relative_change,p,stayed_down,peers,yearly,type_before,type_after,type_changed,candidate
NW 69TH TER & W NEWBERRY RD,NW 69th Ter & W Newberry Rd,2021,36.5,15.0,0.8,0.52,1.6e-07,True,39,35 41 35 43 38 27 19 15 17 9 15,FOUR-WAY INTERSECTION,FOUR-WAY INTERSECTION,False,True
NW 18TH ST & W UNIVERSITY AVE,NW 18th St & W University Ave,2018,14.0,3.6,0.78,0.33,3.1e-06,True,95,14 18 10 7 4 5 3 5 1 2 2,FOUR-WAY INTERSECTION,FOUR-WAY INTERSECTION,False,True
S MAIN ST & SW 4TH AVE,S Main St & SW 4th Ave,2019,9.5,2.0,0.76,0.28,9.6e-06,True,116,10 8 12 8 2 1 1 1 3 3 3,FOUR-WAY INTERSECTION,FOUR-WAY INTERSECTION,False,True
NW 19TH ST & W UNIVERSITY AVE,NW 19th St & W University Ave,2018,11.7,3.4,0.78,0.37,9.3e-05,True,109,13 15 7 4 6 1 4 2 4 5 1,T-INTERSECTION,T-INTERSECTION,False,True
SW 20TH AVE & SW 40TH TER,SW 20th Ave & SW 40th Ter,2022,11.0,3.2,0.79,0.38,0.00024,True,111,17 9 15 10 9 9 8 2 3 6 2,T-INTERSECTION,T-INTERSECTION,False,True
SW 38TH ST & W NEWBERRY RD,SW 38th St & W Newberry Rd,2019,15.0,5.9,0.78,0.5,0.00041,True,96,16 17 12 15 10 4 4 4 3 5 11,FOUR-WAY INTERSECTION,FOUR-WAY INTERSECTION,False,True
NW 22ND ST & W UNIVERSITY AVE,NW 22nd St & W University Ave,2022,12.1,4.2,0.8,0.44,0.00062,True,98,16 16 10 15 11 9 8 5 1 7 4,T-INTERSECTION,T-INTERSECTION,False,True
SE 15TH ST & SE HAWTHORNE RD,SE 15th St & SE Hawthorne Rd,2019,8.2,2.6,0.76,0.41,0.0014,True,123,2 6 8 17 5 1 3 4 2 1 2,FOUR-WAY INTERSECTION,FOUR-WAY INTERSECTION,False,True
SW 2ND AVE & W UNIVERSITY AVE,SW 2nd Ave & W University Ave,2020,13.0,4.8,0.73,0.51,0.0014,True,98,13 15 14 13 10 2 6 5 7 2 7,FOUR-WAY INTERSECTION,FOUR-WAY INTERSECTION,False,True
NW 12TH ST & W UNIVERSITY AVE,NW 12th St & W University Ave,2023,12.8,4.7,0.81,0.45,0.0018,True,96,9 15 15 21 15 9 7 11 5 5 4,FOUR-WAY INTERSECTION,FOUR-WAY INTERSECTION,False,True
SW 23RD ST & W UNIVERSITY AVE,SW 23rd St & W University Ave,2023,10.6,3.7,0.81,0.43,0.0027,True,109,18 11 8 13 11 3 10 11 4 5 2,FOUR-WAY INTERSECTION,FOUR-WAY INTERSECTION,False,True
ACCESS RD & SR 26,Access Rd & SR 26,2018,10.3,3.9,0.78,0.48,0.0029,True,108,10 7 14 5 7 4 5 0 4 3 3,FOUR-WAY INTERSECTION,FOUR-WAY INTERSECTION,False,True
SW 34TH ST & SW 39TH BLVD,SW 34th St & SW 39th Blvd,2021,11.7,4.8,0.78,0.53,0.0033,True,106,13 13 13 10 10 11 3 6 7 2 6,FOUR-WAY INTERSECTION,FOUR-WAY INTERSECTION,False,True
NW 13TH ST & NW 7TH AVE,NW 13th St & NW 7th Ave,2023,9.6,3.7,0.81,0.47,0.0087,True,113,14 12 9 10 11 5 8 8 2 4 5,FOUR-WAY INTERSECTION,FOUR-WAY INTERSECTION,False,True
SW 2ND AVE & SW 34TH ST,SW 2nd Ave & SW 34th St,2020,51.8,25.2,0.76,0.64,7.7e-06,True,28,56 55 44 49 55 27 23 21 27 26 27,FOUR-WAY INTERSECTION,FOUR-WAY INTERSECTION,False,False
NW 13TH ST & W UNIVERSITY AVE,NW 13th St & W University Ave,2021,63.5,37.6,0.75,0.79,0.0038,True,19,65 57 64 67 66 62 36 42 45 25 40,FOUR-WAY INTERSECTION,FOUR-WAY INTERSECTION,False,False
NW 17TH ST & W UNIVERSITY AVE,NW 17th St & W University Ave,2018,22.7,11.9,0.8,0.65,0.005,False,76,21 26 21 10 21 8 14 8 17 7 10,FOUR-WAY INTERSECTION,FOUR-WAY INTERSECTION,False,False
NW 13TH ST & NW 16TH AVE,NW 13th St & NW 16th Ave,2022,45.3,27.2,0.79,0.76,0.0073,True,28,40 50 48 55 50 40 34 29 33 20 27,FOUR-WAY INTERSECTION,FOUR-WAY INTERSECTION,False,False
NW 39TH AVE & NW 6TH ST,NW 39th Ave & NW 6th St,2018,22.0,12.1,0.81,0.68,0.0098,True,78,21 21 24 12 17 8 11 9 17 11 12,FOUR-WAY INTERSECTION,FOUR-WAY INTERSECTION,False,False
NW 15TH ST & W UNIVERSITY AVE,NW 15th St & W University Ave,2022,9.7,4.0,0.79,0.52,0.01,True,112,9 11 11 12 10 7 8 4 6 3 3,T-INTERSECTION,T-INTERSECTION,False,False
NW 34TH ST & NW 39TH AVE,NW 34th St & NW 39th Ave,2023,37.0,21.7,0.79,0.74,0.014,True,39,37 34 50 47 37 34 29 28 23 28 14,FOUR-WAY INTERSECTION,FOUR-WAY INTERSECTION,False,False
SW 13TH ST & SW 14TH DR,SW 13th St & SW 14th Dr,2023,4.9,1.3,0.84,0.33,0.014,True,105,2 5 3 6 7 5 4 7 3 0 1,FOUR-WAY INTERSECTION,FOUR-WAY INTERSECTION,False,False
NW 1ST PL & NW 62ND ST,NW 1st Pl & NW 62nd St,2020,8.4,3.3,0.73,0.54,0.015,True,124,5 7 11 11 8 2 3 5 5 3 2,FOUR-WAY INTERSECTION,FOUR-WAY INTERSECTION,False,False
NW 48TH BLVD & W NEWBERRY RD,NW 48th Blvd & W Newberry Rd,2018,12.7,6.0,0.78,0.61,0.015,True,107,12 14 12 6 3 9 4 7 8 7 4,FOUR-WAY INTERSECTION,FOUR-WAY INTERSECTION,False,False
SW 20TH AVE & SW 34TH ST,SW 20th Ave & SW 34th St,2019,44.2,28.0,0.8,0.79,0.015,False,30,46 39 45 47 39 30 28 28 24 26 21,FOUR-WAY INTERSECTION,FOUR-WAY INTERSECTION,False,False
NW 72ND ST & W NEWBERRY RD,NW 72nd St & W Newberry Rd,2020,5.6,2.0,0.77,0.46,0.016,False,103,7 6 5 6 4 2 0 0 4 0 6,FOUR-WAY INTERSECTION,T-INTERSECTION,True,False
SW 2ND ST & W UNIVERSITY AVE,SW 2nd St & W University Ave,2023,5.6,1.7,0.8,0.37,0.016,True,115,4 6 7 6 7 3 7 5 3 0 2,FOUR-WAY INTERSECTION,FOUR-WAY INTERSECTION,False,False
N MAIN ST & NW 14TH AVE,N Main St & NW 14th Ave,2023,4.6,1.3,0.85,0.34,0.017,True,98,4 5 4 4 8 4 4 4 1 1 2,T-INTERSECTION,T-INTERSECTION,False,False
GALE LEMERAND DR & W UNIVERSITY AVE,Gale Lemerand Dr & W University Ave,2022,12.3,6.0,0.79,0.62,0.019,False,98,13 15 8 16 14 11 9 6 10 5 3,T-INTERSECTION,T-INTERSECTION,False,False
NW 1ST ST & W UNIVERSITY AVE,NW 1st St & W University Ave,2018,6.3,2.6,0.84,0.49,0.02,True,100,8 7 4 3 3 2 2 1 5 2 3,FOUR-WAY INTERSECTION,FOUR-WAY INTERSECTION,False,False
SW 10TH ST & SW 2ND AVE,SW 10th St & SW 2nd Ave,2020,6.8,2.7,0.74,0.53,0.023,False,119,8 7 7 6 6 3 2 2 6 1 2,ROUNDABOUT,ROUNDABOUT,False,False
SW 20TH AVE & SW 43RD ST,SW 20th Ave & SW 43rd St,2023,30.4,18.3,0.81,0.75,0.027,False,49,33 29 38 33 39 23 15 33 18 27 10,T-INTERSECTION,T-INTERSECTION,False,False
SW 34TH ST & W UNIVERSITY AVE,SW 34th St & W University Ave,2020,40.2,24.7,0.75,0.81,0.031,True,37,34 44 37 33 53 23 30 22 24 20 29,FOUR-WAY INTERSECTION,FOUR-WAY INTERSECTION,False,False
NE 8TH AVE & NE WALDO RD,NE 8th Ave & NE Waldo Rd,2023,22.0,12.7,0.81,0.71,0.032,True,65,18 30 22 18 22 12 29 25 15 12 11,FOUR-WAY INTERSECTION,FOUR-WAY INTERSECTION,False,False
SW 34TH ST & SW 41ST PL,SW 34th St & SW 41st Pl,2018,6.3,2.9,0.84,0.54,0.035,True,100,8 9 2 1 5 5 1 3 2 2 4,T-INTERSECTION,T-INTERSECTION,False,False
S MAIN ST & SE 1ST AVE,S Main St & SE 1st Ave,2023,5.5,2.0,0.81,0.45,0.037,True,114,4 10 8 4 7 1 6 4 2 3 1,FOUR-WAY INTERSECTION,T-INTERSECTION,True,False
SW 13TH ST & SW 2ND AVE,SW 13th St & SW 2nd Ave,2019,16.5,9.3,0.78,0.72,0.037,False,91,22 16 13 15 11 8 6 14 16 4 6,FOUR-WAY INTERSECTION,FOUR-WAY INTERSECTION,False,False
SHEALY DR & SW 16TH AVE,Shealy Dr & SW 16th Ave,2018,8.3,3.9,0.78,0.6,0.038,True,112,5 17 3 5 4 3 3 5 4 5 2,FOUR-WAY INTERSECTION,FOUR-WAY INTERSECTION,False,False
NE 15TH ST & NE 23RD AVE,NE 15th St & NE 23rd Ave,2021,6.3,2.8,0.79,0.56,0.04,True,116,3 4 6 6 11 8 1 3 4 4 2,FOUR-WAY INTERSECTION,FOUR-WAY INTERSECTION,False,False
NW 57TH ST & W NEWBERRY RD,NW 57th St & W Newberry Rd,2021,13.3,7.4,0.8,0.7,0.04,True,94,13 11 15 16 17 8 7 7 6 8 9,FOUR-WAY INTERSECTION,FOUR-WAY INTERSECTION,False,False
NW 66TH ST & W NEWBERRY RD,NW 66th St & W Newberry Rd,2018,32.3,21.0,0.82,0.79,0.041,True,48,34 36 27 25 19 14 26 22 24 15 23,FOUR-WAY INTERSECTION,FOUR-WAY INTERSECTION,False,False
NE 12TH AVE & NE WALDO RD,NE 12th Ave & NE Waldo Rd,2019,22.8,14.1,0.8,0.78,0.047,False,74,20 28 19 24 18 12 16 11 8 19 15,T-INTERSECTION,T-INTERSECTION,False,False
NE 39TH AVE & NE WALDO RD,NE 39th Ave & NE Waldo Rd,2023,26.5,16.7,0.82,0.77,0.052,True,55,24 38 27 22 34 19 20 28 16 15 19,FOUR-WAY INTERSECTION,FOUR-WAY INTERSECTION,False,False
S MAIN ST & SW 2ND AVE,S Main St & SW 2nd Ave,2022,5.9,2.5,0.78,0.55,0.052,True,115,6 5 5 7 7 6 5 2 1 4 3,FOUR-WAY INTERSECTION,FOUR-WAY INTERSECTION,False,False
SE 11TH ST & SE 4TH AVE,SE 11th St & SE 4th Ave,2023,10.9,5.7,0.81,0.64,0.053,True,108,5 11 9 14 12 17 11 8 6 7 4,FOUR-WAY INTERSECTION,FOUR-WAY INTERSECTION,False,False
N MAIN ST & W UNIVERSITY AVE,N Main St & W University Ave,2020,26.0,15.8,0.76,0.8,0.06,False,66,31 21 27 22 29 8 20 15 15 19 18,FOUR-WAY INTERSECTION,FOUR-WAY INTERSECTION,False,False
SW 13TH ST & SW 4TH AVE,SW 13th St & SW 4th Ave,2021,9.3,4.8,0.77,0.67,0.06,True,119,13 6 9 13 9 6 4 5 4 4 7,FOUR-WAY INTERSECTION,FOUR-WAY INTERSECTION,False,False
SW 20TH AVE & SW 38TH TER,SW 20th Ave & SW 38th Ter,2019,20.2,12.6,0.8,0.78,0.06,False,76,19 19 18 25 16 7 12 9 12 14 18,FOUR-WAY INTERSECTION,FOUR-WAY INTERSECTION,False,False
NB ONRAMP & W NEWBERRY RD,Nb Onramp & W Newberry Rd,2018,5.7,2.9,0.88,0.58,0.062,False,95,9 4 4 3 5 3 3 3 2 1 3,T-INTERSECTION,T-INTERSECTION,False,False
NW 10TH ST & W UNIVERSITY AVE,NW 10th St & W University Ave,2022,11.1,6.0,0.78,0.69,0.062,False,111,13 17 10 9 12 4 13 6 7 9 2,FOUR-WAY INTERSECTION,FOUR-WAY INTERSECTION,False,False
NW 6TH ST & NW 8TH AVE,NW 6th St & NW 8th Ave,2023,14.1,8.0,0.81,0.7,0.063,False,82,9 15 16 12 16 17 14 14 7 4 13,FOUR-WAY INTERSECTION,FOUR-WAY INTERSECTION,False,False
NW 60TH ST & W NEWBERRY RD,NW 60th St & W Newberry Rd,2018,32.3,21.6,0.82,0.82,0.064,True,48,25 41 31 26 26 20 24 15 14 26 22,FOUR-WAY INTERSECTION,FOUR-WAY INTERSECTION,False,False
N MAIN ST & NW 8TH AVE,N Main St & NW 8th Ave,2018,13.7,7.8,0.78,0.73,0.07,False,95,11 11 19 7 3 8 9 8 7 11 9,FOUR-WAY INTERSECTION,FOUR-WAY INTERSECTION,False,False
SW 13TH ST & SW 3RD AVE,SW 13th St & SW 3rd Ave,2022,6.0,2.8,0.78,0.59,0.071,True,115,5 5 6 6 8 4 8 3 2 2 4,T-INTERSECTION,T-INTERSECTION,False,False
SW 20TH AVE & SW 39TH WAY,SW 20th Ave & SW 39th Way,2018,6.3,3.2,0.84,0.61,0.071,True,100,5 8 6 4 4 4 2 4 1 2 5,T-INTERSECTION,T-INTERSECTION,False,False
SW 16TH AVE & SW ARCHER RD,SW 16th Ave & SW Archer Rd,2020,22.0,13.3,0.76,0.8,0.076,False,73,22 22 23 17 26 12 15 17 17 9 10,Y-INTERSECTION,Y-INTERSECTION,False,False
NW 13TH ST & NW 19TH LN,NW 13th St & NW 19th Ln,2020,9.0,4.5,0.72,0.69,0.078,False,120,10 5 8 9 13 3 5 4 4 7 4,FOUR-WAY INTERSECTION,FOUR-WAY INTERSECTION,False,False
NW 16TH ST & W UNIVERSITY AVE,NW 16th St & W University Ave,2019,9.0,4.7,0.76,0.69,0.079,False,116,7 9 9 11 6 2 7 5 3 5 5,T-INTERSECTION,T-INTERSECTION,False,False
NW 34TH ST & NW 8TH AVE,NW 34th St & NW 8th Ave,2022,20.7,13.2,0.8,0.8,0.091,True,73,17 24 26 19 18 15 26 9 14 14 16,FOUR-WAY INTERSECTION,FOUR-WAY INTERSECTION,False,False
NW 62ND ST & W NEWBERRY RD,NW 62nd St & W Newberry Rd,2018,43.7,30.8,0.81,0.87,0.1,False,35,43 47 41 30 38 33 31 27 28 32 27,T-INTERSECTION,T-INTERSECTION,False,False
SW 23RD ST & SW 35TH PL,SW 23rd St & SW 35th Pl,2019,8.5,4.6,0.76,0.71,0.1,False,123,5 12 8 9 6 2 8 4 7 3 2,ROUNDABOUT,ROUNDABOUT,False,False
E UNIVERSITY AVE & NE WALDO RD,E University Ave & NE Waldo Rd,2022,36.9,25.0,0.79,0.86,0.11,True,38,20 43 39 40 38 32 46 27 23 26 24,FOUR-WAY INTERSECTION,FOUR-WAY INTERSECTION,False,False
NE 7TH ST & NE 8TH AVE,NE 7th St & NE 8th Ave,2018,6.3,3.5,0.84,0.66,0.11,True,100,5 7 7 4 2 3 2 5 2 5 5,FOUR-WAY INTERSECTION,FOUR-WAY INTERSECTION,False,False
NW 11TH ST & W UNIVERSITY AVE,NW 11th St & W University Ave,2022,5.0,2.5,0.82,0.61,0.11,False,103,6 6 4 5 3 5 6 0 3 6 1,T-INTERSECTION,T-INTERSECTION,False,False
NW 14TH ST & W UNIVERSITY AVE,NW 14th St & W University Ave,2018,6.0,3.4,0.86,0.65,0.11,True,100,6 5 7 3 5 5 3 4 2 2 3,T-INTERSECTION,T-INTERSECTION,False,False
NW 31ST BLVD & NW 34TH ST,NW 31st Blvd & NW 34th St,2022,6.9,3.5,0.76,0.67,0.12,True,122,7 9 6 5 4 7 10 4 1 5 4,FOUR-WAY INTERSECTION,FOUR-WAY INTERSECTION,False,False
NW 4TH PL & NW 62ND ST,NW 4th Pl & NW 62nd St,2023,9.4,5.3,0.81,0.7,0.12,True,112,7 10 15 7 11 5 11 9 3 6 7,T-INTERSECTION,T-INTERSECTION,False,False
NW 8TH ST & W UNIVERSITY AVE,NW 8th St & W University Ave,2022,4.9,2.5,0.82,0.63,0.12,False,100,7 4 2 6 7 3 5 2 5 1 2,FOUR-WAY INTERSECTION,FOUR-WAY INTERSECTION,False,False
SW 13TH ST & SW 5TH AVE,SW 13th St & SW 5th Ave,2022,14.7,9.2,0.8,0.78,0.12,False,85,19 17 12 13 19 9 14 9 4 10 14,FOUR-WAY INTERSECTION,FOUR-WAY INTERSECTION,False,False
N MAIN ST & NW 10TH AVE,N Main St & NW 10th Ave,2022,7.4,4.0,0.76,0.7,0.13,False,128,7 13 3 7 9 7 6 4 2 7 3,FOUR-WAY INTERSECTION,FOUR-WAY INTERSECTION,False,False
SW 2ND AVE & SW 6TH ST,SW 2nd Ave & SW 6th St,2018,9.3,5.4,0.78,0.74,0.13,True,112,9 12 7 5 5 6 7 7 3 7 3,ROUNDABOUT,ROUNDABOUT,False,False
SW 35TH BLVD & SW ARCHER RD,SW 35th Blvd & SW Archer Rd,2018,41.0,29.4,0.81,0.88,0.14,False,37,48 43 32 32 23 34 30 20 32 33 31,FOUR-WAY INTERSECTION,FOUR-WAY INTERSECTION,False,False
NW 34TH BLVD & NW 55TH BLVD,NW 34th Blvd & NW 55th Blvd,2023,4.5,2.3,0.85,0.61,0.15,False,98,1 7 2 7 5 4 5 5 2 4 1,T-INTERSECTION,T-INTERSECTION,False,False
SW 13TH ST & SW 9TH AVE,SW 13th St & SW 9th Ave,2018,13.0,8.0,0.78,0.79,0.15,False,97,15 10 14 10 9 10 5 3 11 12 4,FOUR-WAY INTERSECTION,FOUR-WAY INTERSECTION,False,False
GALE LEMERAND DR & SW ARCHER RD,Gale Lemerand Dr & SW Archer Rd,2018,13.3,8.4,0.78,0.8,0.16,False,99,13 12 15 9 12 6 10 4 7 9 10,FOUR-WAY INTERSECTION,FOUR-WAY INTERSECTION,False,False
NE 15TH ST & NE 39TH AVE,NE 15th St & NE 39th Ave,2022,9.6,5.8,0.78,0.77,0.16,False,110,2 6 11 10 13 11 14 5 10 4 4,FOUR-WAY INTERSECTION,FOUR-WAY INTERSECTION,False,False
NE 16TH AVE & NE WALDO RD,NE 16th Ave & NE Waldo Rd,2022,21.9,15.0,0.81,0.85,0.16,True,69,18 21 24 21 29 17 23 16 16 11 17,FOUR-WAY INTERSECTION,FOUR-WAY INTERSECTION,False,False
NW 43RD ST & W NEWBERRY RD,NW 43rd St & W Newberry Rd,2019,15.5,9.9,0.77,0.82,0.16,False,94,11 16 18 17 12 9 9 11 8 12 8,FOUR-WAY INTERSECTION,FOUR-WAY INTERSECTION,False,False
N MAIN ST & NE 16TH AVE,N Main St & NE 16th Ave,2021,21.5,14.8,0.8,0.86,0.17,False,72,22 17 22 21 25 22 9 21 17 19 8,FOUR-WAY INTERSECTION,FOUR-WAY INTERSECTION,False,False
NW 39TH RD & W NEWBERRY RD,NW 39th Rd & W Newberry Rd,2019,8.8,5.1,0.76,0.78,0.17,False,116,9 7 9 10 7 4 6 3 3 6 7,FOUR-WAY INTERSECTION,FOUR-WAY INTERSECTION,False,False
NW 3RD AVE & NW 6TH ST,NW 3rd Ave & NW 6th St,2021,6.2,3.6,0.78,0.74,0.19,False,116,3 5 7 8 9 5 3 5 6 2 2,FOUR-WAY INTERSECTION,FOUR-WAY INTERSECTION,False,False
SW 32ND TER & SW 35TH PL,SW 32nd Ter & SW 35th Pl,2018,5.7,3.6,0.88,0.73,0.19,False,95,5 7 5 5 1 6 5 3 6 1 2,FOUR-WAY INTERSECTION,T-INTERSECTION,True,False
NW 13TH ST & NW 22ND ST,NW 13th St & NW 22nd St,2019,16.5,11.0,0.78,0.86,0.2,False,91,14 19 17 16 12 9 13 12 11 8 12,FOUR-WAY INTERSECTION,FOUR-WAY INTERSECTION,False,False
NW 16TH BLVD & NW 41ST ST,NW 16th Blvd & NW 41st St,2019,8.5,5.1,0.76,0.8,0.2,False,123,5 11 7 11 7 2 3 6 8 5 5,FOUR-WAY INTERSECTION,FOUR-WAY INTERSECTION,False,False
NW 22ND ST & NW 8TH AVE,NW 22nd St & NW 8th Ave,2018,10.3,6.5,0.78,0.8,0.2,True,108,6 12 13 8 4 7 7 7 6 8 5,FOUR-WAY INTERSECTION,FOUR-WAY INTERSECTION,False,False
SE 16TH AVE & SE WILLISTON RD,SE 16th Ave & SE Williston Rd,2023,9.6,6.0,0.8,0.78,0.2,True,113,9 11 8 7 11 7 10 14 6 7 5,FOUR-WAY INTERSECTION,FOUR-WAY INTERSECTION,False,False
SW 27TH ST & SW 35TH PL,SW 27th St & SW 35th Pl,2020,9.4,5.5,0.73,0.81,0.2,False,116,13 4 10 11 9 2 6 8 6 4 7,T-INTERSECTION,T-INTERSECTION,False,False
CENTER DR & SW ARCHER RD,Center Dr & SW Archer Rd,2018,9.0,5.6,0.78,0.8,0.21,False,111,10 7 10 7 7 2 4 7 4 5 9,FOUR-WAY INTERSECTION,FOUR-WAY INTERSECTION,False,False
N MAIN ST & NE 23RD AVE,N Main St & NE 23rd Ave,2021,11.7,7.6,0.78,0.84,0.21,False,106,17 9 10 12 10 12 7 5 8 12 6,FOUR-WAY INTERSECTION,FOUR-WAY INTERSECTION,False,False
N MAIN ST & NW 2ND AVE,N Main St & NW 2nd Ave,2023,4.6,2.7,0.85,0.68,0.21,False,98,3 5 6 5 6 2 6 4 3 4 1,FOUR-WAY INTERSECTION,FOUR-WAY INTERSECTION,False,False
NE 23RD AVE & NE WALDO RD,NE 23rd Ave & NE Waldo Rd,2021,13.3,9.0,0.8,0.85,0.22,False,94,13 11 11 14 15 16 8 12 4 11 10,FOUR-WAY INTERSECTION,FOUR-WAY INTERSECTION,False,False
NW 25TH PL & NW 43RD ST,NW 25th Pl & NW 43rd St,2018,9.7,6.1,0.78,0.81,0.22,False,111,11 12 6 7 4 4 8 7 3 10 6,FOUR-WAY INTERSECTION,FOUR-WAY INTERSECTION,False,False
SE 11TH AVE & SE 11TH ST,SE 11th Ave & SE 11th St,2019,6.5,3.9,0.76,0.78,0.22,False,111,8 5 6 7 4 5 3 2 2 4 7,FOUR-WAY INTERSECTION,FOUR-WAY INTERSECTION,False,False
E UNIVERSITY AVE & NE 1ST ST,E University Ave & NE 1st St,2020,7.2,4.2,0.72,0.81,0.24,False,118,8 9 3 7 9 3 2 4 5 6 5,FOUR-WAY INTERSECTION,FOUR-WAY INTERSECTION,False,False
NW 19TH ST & NW 39TH AVE,NW 19th St & NW 39th Ave,2018,7.7,4.8,0.77,0.8,0.24,False,110,5 10 8 3 6 2 4 7 3 3 10,FOUR-WAY INTERSECTION,FOUR-WAY INTERSECTION,False,False
SW 11TH AVE & SW 13TH ST,SW 11th Ave & SW 13th St,2020,5.2,3.2,0.78,0.78,0.25,False,99,4 3 7 5 7 3 4 1 5 0 6,T-INTERSECTION,T-INTERSECTION,False,False
NW 13TH ST & NW 21ST AVE,NW 13th St & NW 21st Ave,2023,4.9,3.0,0.83,0.74,0.26,True,105,3 2 6 6 9 1 7 5 3 3 3,T-INTERSECTION,FOUR-WAY INTERSECTION,True,False
SW 19TH AVE & SW 34TH ST,SW 19th Ave & SW 34th St,2018,6.0,4.1,0.86,0.8,0.27,False,100,8 5 5 2 5 4 2 7 5 5 3,T-INTERSECTION,T-INTERSECTION,False,False
NE 53RD AVE & NE WALDO RD,NE 53rd Ave & NE Waldo Rd,2020,8.8,5.5,0.73,0.86,0.29,False,123,10 12 5 8 9 5 3 9 6 7 3,T-INTERSECTION,T-INTERSECTION,False,False
NW 24TH BLVD & NW 39TH AVE,NW 24th Blvd & NW 39th Ave,2018,6.3,4.4,0.84,0.82,0.29,False,100,6 5 8 6 5 2 4 7 5 2 4,FOUR-WAY INTERSECTION,FOUR-WAY INTERSECTION,False,False
NW 29TH TER & NW 39TH AVE,NW 29th Ter & NW 39th Ave,2020,7.2,4.3,0.72,0.84,0.29,False,118,8 8 6 7 7 3 4 2 7 6 4,FOUR-WAY INTERSECTION,FOUR-WAY INTERSECTION,False,False
NW 10TH AVE & NW 13TH ST,NW 10th Ave & NW 13th St,2023,4.1,2.7,0.86,0.75,0.3,False,95,4 5 1 8 2 5 3 5 2 6 0,FOUR-WAY INTERSECTION,FOUR-WAY INTERSECTION,False,False
E UNIVERSITY AVE & NE 15TH ST,E University Ave & NE 15th St,2021,7.5,4.8,0.75,0.85,0.31,False,123,5 7 10 10 7 6 5 5 2 6 6,FOUR-WAY INTERSECTION,FOUR-WAY INTERSECTION,False,False
NW 10TH AVE & NW 6TH ST,NW 10th Ave & NW 6th St,2021,4.7,3.2,0.84,0.82,0.31,False,97,4 2 6 6 5 5 3 1 4 4 4,FOUR-WAY INTERSECTION,FOUR-WAY INTERSECTION,False,False
NW 13TH ST & NW 23RD AVE,NW 13th St & NW 23rd Ave,2023,32.9,24.3,0.8,0.93,0.31,False,43,37 22 37 42 40 27 17 41 19 24 30,FOUR-WAY INTERSECTION,FOUR-WAY INTERSECTION,False,False
E UNIVERSITY AVE & NE 14TH ST,E University Ave & NE 14th St,2022,8.7,5.8,0.77,0.86,0.32,False,119,8 6 6 10 7 14 10 3 5 6 9,FOUR-WAY INTERSECTION,FOUR-WAY INTERSECTION,False,False
SE 4TH ST & SE WILLISTON RD,SE 4th St & SE Williston Rd,2023,8.1,5.3,0.78,0.84,0.32,True,124,6 8 6 12 8 8 10 7 6 5 5,FOUR-WAY INTERSECTION,FOUR-WAY INTERSECTION,False,False
NW 34TH BLVD & NW 53RD AVE,NW 34th Blvd & NW 53rd Ave,2018,17.3,12.8,0.8,0.92,0.33,False,86,19 15 18 13 17 7 13 13 10 10 19,FOUR-WAY INTERSECTION,FOUR-WAY INTERSECTION,False,False
SW 37TH BLVD & SW ARCHER RD,SW 37th Blvd & SW Archer Rd,2018,51.3,40.8,0.83,0.96,0.35,False,28,51 44 59 48 50 33 33 42 34 39 47,FOUR-WAY INTERSECTION,FOUR-WAY INTERSECTION,False,False
SW 34TH ST & SW 47TH AVE,SW 34th St & SW 47th Ave,2022,4.3,3.0,0.84,0.83,0.36,False,93,6 2 3 2 5 5 7 2 2 4 4,FOUR-WAY INTERSECTION,FOUR-WAY INTERSECTION,False,False
NW 13TH ST & NW 29TH RD,NW 13th St & NW 29th Rd,2018,14.0,10.1,0.78,0.93,0.38,False,95,14 20 8 12 12 8 11 11 9 10 8,FOUR-WAY INTERSECTION,FOUR-WAY INTERSECTION,False,False
NW 16TH AVE & NW 2ND ST,NW 16th Ave & NW 2nd St,2021,6.3,4.4,0.78,0.89,0.38,False,116,7 10 3 5 6 7 2 5 5 5 5,FOUR-WAY INTERSECTION,FOUR-WAY INTERSECTION,False,False
SW 13TH ST & SW 21ST AVE,SW 13th St & SW 21st Ave,2022,4.1,3.0,0.85,0.85,0.39,False,91,3 5 4 4 3 3 7 1 4 4 3,FOUR-WAY INTERSECTION,FOUR-WAY INTERSECTION,False,False
SW 24TH AVE & SW 38TH TER,SW 24th Ave & SW 38th Ter,2018,4.3,3.4,0.9,0.86,0.39,False,77,4 5 4 4 1 2 3 6 5 5 1,ROUNDABOUT,ROUNDABOUT,False,False
SW 13TH ST & SW ARCHER RD,SW 13th St & SW Archer Rd,2018,21.7,16.9,0.81,0.96,0.41,False,77,18 24 23 15 20 15 20 17 15 18 15,FOUR-WAY INTERSECTION,FOUR-WAY INTERSECTION,False,False
SW 16TH ST & SW ARCHER RD,SW 16th St & SW Archer Rd,2019,13.2,9.6,0.76,0.96,0.44,False,96,16 14 7 16 10 7 12 7 7 10 14,FOUR-WAY INTERSECTION,FOUR-WAY INTERSECTION,False,False
N MAIN ST & NE 53RD AVE,N Main St & NE 53rd Ave,2020,4.8,3.5,0.79,0.92,0.45,False,95,2 5 2 8 7 1 3 3 2 8 4,T-INTERSECTION,T-INTERSECTION,False,False
NW 6TH ST & W UNIVERSITY AVE,NW 6th St & W University Ave,2023,15.9,12.0,0.79,0.96,0.45,False,77,13 18 16 17 17 18 14 14 13 11 12,FOUR-WAY INTERSECTION,FOUR-WAY INTERSECTION,False,False
SW 34TH ST & SW WILLISTON RD,SW 34th St & SW Williston Rd,2023,33.0,25.7,0.8,0.98,0.46,False,43,31 32 32 37 35 30 36 31 21 33 23,FOUR-WAY INTERSECTION,FOUR-WAY INTERSECTION,False,False
E UNIVERSITY AVE & NE 9TH ST,E University Ave & NE 9th St,2018,9.0,6.8,0.78,0.96,0.47,False,111,11 8 8 7 4 7 8 5 7 8 8,FOUR-WAY INTERSECTION,FOUR-WAY INTERSECTION,False,False
NW 13TH ST & NW 53RD AVE,NW 13th St & NW 53rd Ave,2023,23.6,18.7,0.81,0.98,0.47,False,61,19 28 26 25 26 19 21 25 19 16 21,FOUR-WAY INTERSECTION,FOUR-WAY INTERSECTION,False,False
NW 43RD ST & NW 53RD AVE,NW 43rd St & NW 53rd Ave,2018,19.3,15.1,0.8,0.98,0.47,False,78,26 17 15 15 13 9 20 20 7 18 19,FOUR-WAY INTERSECTION,FOUR-WAY INTERSECTION,False,False
NW 43RD ST & NW 8TH AVE,NW 43rd St & NW 8th Ave,2021,15.5,12.0,0.8,0.97,0.47,False,80,17 14 15 15 18 14 4 15 8 18 15,FOUR-WAY INTERSECTION,FOUR-WAY INTERSECTION,False,False
NW 70TH ST & W NEWBERRY RD,NW 70th St & W Newberry Rd,2023,6.4,4.7,0.79,0.93,0.47,False,123,7 8 4 6 9 3 8 6 6 6 2,T-INTERSECTION,T-INTERSECTION,False,False
E UNIVERSITY AVE & NE 13TH ST,E University Ave & NE 13th St,2023,8.1,6.0,0.78,0.94,0.48,False,124,8 8 7 5 12 8 9 8 8 3 7,FOUR-WAY INTERSECTION,FOUR-WAY INTERSECTION,False,False
NE 3RD AVE & NE WALDO RD,NE 3rd Ave & NE Waldo Rd,2022,6.6,4.8,0.76,0.95,0.48,False,124,7 3 5 5 8 11 7 4 5 4 6,FOUR-WAY INTERSECTION,FOUR-WAY INTERSECTION,False,False
NW 37TH PL & NW 43RD ST,NW 37th Pl & NW 43rd St,2022,4.1,3.2,0.85,0.93,0.48,False,91,3 3 6 2 6 4 5 2 5 1 5,T-INTERSECTION,T-INTERSECTION,False,False
RADIO RD & SW 34TH ST,Radio Rd & SW 34th St,2020,8.8,6.2,0.73,0.96,0.48,False,123,6 9 5 13 11 2 5 6 11 5 8,T-INTERSECTION,T-INTERSECTION,False,False
SW 34TH ST & SW 35TH PL,SW 34th St & SW 35th Pl,2022,19.3,15.2,0.8,0.99,0.5,False,77,14 22 24 19 18 17 21 11 15 17 18,FOUR-WAY INTERSECTION,FOUR-WAY INTERSECTION,False,False
SW 29TH DR & SW WILLISTON RD,SW 29th Dr & SW Williston Rd,2019,4.2,3.6,0.87,0.96,0.51,False,82,3 5 3 6 4 3 4 4 1 6 3,FOUR-WAY INTERSECTION,FOUR-WAY INTERSECTION,False,False
S MAIN ST & SW DEPOT AVE,S Main St & SW Depot Ave,2023,4.1,3.3,0.86,0.94,0.52,False,95,2 2 5 5 3 4 7 5 3 2 5,ROUNDABOUT,ROUNDABOUT,False,False
SW 23RD TER & SW ARCHER RD,SW 23rd Ter & SW Archer Rd,2018,30.0,24.5,0.82,1.0,0.52,False,54,32 27 31 27 31 17 24 18 28 27 24,T-INTERSECTION,FOUR-WAY INTERSECTION,True,False
N MAIN ST & NE 39TH AVE,N Main St & NE 39th Ave,2023,15.5,12.3,0.8,1.0,0.53,False,77,12 22 13 12 19 17 15 14 5 14 18,FOUR-WAY INTERSECTION,FOUR-WAY INTERSECTION,False,False
SW 20TH AVE & SW 42ND ST,SW 20th Ave & SW 42nd St,2019,5.2,4.1,0.8,0.98,0.53,False,96,4 5 6 6 2 1 6 4 9 5 2,T-INTERSECTION,T-INTERSECTION,False,False
NW 13TH ST & NW 5TH AVE,NW 13th St & NW 5th Ave,2019,9.8,7.4,0.76,1.01,0.55,False,114,9 8 11 11 6 6 6 4 7 13 10,FOUR-WAY INTERSECTION,FOUR-WAY INTERSECTION,False,False
S MAIN ST & SW 16TH AVE,S Main St & SW 16th Ave,2018,13.3,10.5,0.78,1.01,0.56,False,99,15 15 10 9 10 8 15 9 9 15 9,FOUR-WAY INTERSECTION,FOUR-WAY INTERSECTION,False,False
SE 11TH ST & SE 7TH AVE,SE 11th St & SE 7th Ave,2023,3.9,3.3,0.88,0.98,0.56,False,87,2 1 5 5 7 3 4 4 0 4 6,FOUR-WAY INTERSECTION,FOUR-WAY INTERSECTION,False,False
CLARK BUTLER BLVD & PLAZA BLVD,Clark Butler Blvd & Plaza Blvd,2023,22.9,18.7,0.81,1.01,0.57,False,63,0 9 24 30 40 23 26 31 18 24 14,FOUR-WAY INTERSECTION,FOUR-WAY INTERSECTION,False,False
SW 13TH ST & SW 8TH AVE,SW 13th St & SW 8th Ave,2020,28.4,22.0,0.76,1.01,0.57,False,58,31 23 24 34 30 14 21 24 21 24 28,FOUR-WAY INTERSECTION,FOUR-WAY INTERSECTION,False,False
NE 8TH AVE & NE 9TH ST,NE 8th Ave & NE 9th St,2023,10.2,8.3,0.8,1.01,0.58,False,110,7 8 12 10 16 9 8 12 9 7 9,ROUNDABOUT,ROUNDABOUT,False,False
NW 13TH ST & NW 39TH AVE,NW 13th St & NW 39th Ave,2023,37.5,29.7,0.78,1.02,0.58,False,37,40 33 36 37 49 32 36 37 38 36 15,FOUR-WAY INTERSECTION,FOUR-WAY INTERSECTION,False,False
NE 2ND ST & NE 39TH AVE,NE 2nd St & NE 39th Ave,2021,4.7,4.0,0.84,1.02,0.59,False,97,2 7 3 7 4 5 3 5 4 3 5,FOUR-WAY INTERSECTION,FOUR-WAY INTERSECTION,False,False
NEWELL DR & SW ARCHER RD,Newell Dr & SW Archer Rd,2019,8.2,6.4,0.76,1.03,0.59,False,123,11 3 7 12 5 9 3 6 7 11 4,FOUR-WAY INTERSECTION,FOUR-WAY INTERSECTION,False,False
1-75 N & SW ARCHER RD,1-75 N & SW Archer Rd,2019,8.0,6.3,0.76,1.04,0.6,False,122,4 10 9 9 7 3 5 8 8 8 5,FOUR-WAY INTERSECTION,FOUR-WAY INTERSECTION,False,False
SW 25TH TER & SW WILLISTON RD,SW 25th Ter & SW Williston Rd,2018,9.0,7.4,0.78,1.05,0.62,False,111,11 11 5 4 3 8 5 6 9 11 13,FOUR-WAY INTERSECTION,FOUR-WAY INTERSECTION,False,False
NW 13TH ST & NW 3RD AVE,NW 13th St & NW 3rd Ave,2020,13.2,10.0,0.72,1.05,0.64,False,98,13 8 12 12 21 6 10 12 8 9 15,FOUR-WAY INTERSECTION,FOUR-WAY INTERSECTION,False,False
NW 16TH BLVD & NW 43RD ST,NW 16th Blvd & NW 43rd St,2023,30.0,25.0,0.8,1.04,0.64,False,49,26 29 32 31 42 20 25 35 18 28 29,FOUR-WAY INTERSECTION,FOUR-WAY INTERSECTION,False,False
S MAIN ST & SW WILLISTON RD,S Main St & SW Williston Rd,2018,8.0,6.6,0.78,1.06,0.64,False,114,6 11 7 6 10 0 12 5 6 6 8,T-INTERSECTION,T-INTERSECTION,False,False
NW 13TH ST & NW 22ND AVE,NW 13th St & NW 22nd Ave,2019,4.0,4.1,0.93,1.11,0.69,False,75,1 6 3 6 1 5 4 7 2 4 6,T-INTERSECTION,T-INTERSECTION,False,False
NW 16TH AVE & NW 16TH TER,NW 16th Ave & NW 16th Ter,2021,4.5,4.2,0.85,1.1,0.69,False,94,1 3 5 3 10 5 2 5 4 2 8,FOUR-WAY INTERSECTION,FOUR-WAY INTERSECTION,False,False
NW 8TH AVE & W NEWBERRY RD,NW 8th Ave & W Newberry Rd,2023,29.4,25.0,0.8,1.06,0.7,False,49,33 26 23 34 37 23 23 36 21 24 30,FOUR-WAY INTERSECTION,FOUR-WAY INTERSECTION,False,False
CLARK BUTLER BLVD & WINDMEADOWS BLVD,Clark Butler Blvd & Windmeadows Blvd,2018,16.7,14.5,0.8,1.09,0.73,False,90,7 20 23 12 22 6 9 12 11 18 26,FOUR-WAY INTERSECTION,FOUR-WAY INTERSECTION,False,False
SW 40TH BLVD & SW ARCHER RD,SW 40th Blvd & SW Archer Rd,2023,46.9,38.7,0.78,1.06,0.73,False,28,45 43 38 51 62 45 43 48 36 43 37,FOUR-WAY INTERSECTION,FOUR-WAY INTERSECTION,False,False
SW 23RD ST & SW WILLISTON RD,SW 23rd St & SW Williston Rd,2021,10.2,8.8,0.78,1.11,0.74,False,112,9 6 12 12 12 10 8 9 11 3 13,FOUR-WAY INTERSECTION,FOUR-WAY INTERSECTION,False,False
SW 34TH ST & SW ARCHER RD,SW 34th St & SW Archer Rd,2022,74.6,58.0,0.74,1.05,0.76,False,10,65 77 83 98 67 64 68 50 67 67 48,FOUR-WAY INTERSECTION,FOUR-WAY INTERSECTION,False,False
NW 39TH AVE & NW 43RD ST,NW 39th Ave & NW 43rd St,2022,33.1,28.5,0.79,1.08,0.78,False,43,32 35 26 25 48 33 33 28 27 34 25,FOUR-WAY INTERSECTION,FOUR-WAY INTERSECTION,False,False
NW 13TH ST & NW 23RD ST,NW 13th St & NW 23rd St,2022,6.7,6.0,0.75,1.18,0.79,False,122,1 4 6 12 6 8 10 2 4 13 5,T-INTERSECTION,T-INTERSECTION,False,False
NW 16TH AVE & NW 6TH ST,NW 16th Ave & NW 6th St,2021,14.2,12.6,0.79,1.13,0.79,False,91,17 9 17 13 15 14 13 11 18 10 11,FOUR-WAY INTERSECTION,FOUR-WAY INTERSECTION,False,False
SW 16TH AVE & SW 6TH ST,SW 16th Ave & SW 6th St,2018,7.0,6.5,0.77,1.2,0.79,False,109,8 4 9 2 6 4 7 9 11 5 8,T-INTERSECTION,T-INTERSECTION,False,False
N BOUND & SW WILLISTON RD,N Bound & SW Williston Rd,2018,4.3,5.0,0.9,1.28,0.82,False,77,1 5 7 4 4 4 1 5 7 5 10,FOUR-WAY INTERSECTION,T-INTERSECTION,True,False
CLARK BUTLER BLVD & SW 30TH PL,Clark Butler Blvd & SW 30th Pl,2023,4.2,4.7,0.85,1.29,0.83,False,96,1 2 2 8 4 4 7 6 5 4 5,T-INTERSECTION,T-INTERSECTION,False,False
NE 15TH ST & NE 16TH AVE,NE 15th St & NE 16th Ave,2018,6.3,6.6,0.84,1.25,0.83,False,100,7 6 6 7 1 8 10 5 9 7 6,FOUR-WAY INTERSECTION,FOUR-WAY INTERSECTION,False,False
SE 24TH ST & SE HAWTHORNE RD,SE 24th St & SE Hawthorne Rd,2018,5.0,5.5,0.87,1.27,0.83,False,90,6 5 4 2 5 3 5 9 6 7 7,FOUR-WAY INTERSECTION,FOUR-WAY INTERSECTION,False,False
NW 23RD AVE & NW 51ST ST,NW 23rd Ave & NW 51st St,2022,5.6,5.5,0.78,1.27,0.85,False,112,7 1 7 5 6 5 8 5 4 7 6,T-INTERSECTION,T-INTERSECTION,False,False
NW 23RD AVE & NW 6TH ST,NW 23rd Ave & NW 6th St,2021,13.3,12.4,0.79,1.17,0.85,False,94,8 14 17 14 14 13 9 11 21 10 11,FOUR-WAY INTERSECTION,FOUR-WAY INTERSECTION,False,False
NW 55TH ST & W NEWBERRY RD,NW 55th St & W Newberry Rd,2019,18.8,17.1,0.79,1.15,0.85,False,80,15 18 18 24 17 12 16 20 17 18 20,T-INTERSECTION,T-INTERSECTION,False,False
SW 20TH AVE & SW 62ND BLVD,SW 20th Ave & SW 62nd Blvd,2018,40.7,36.8,0.81,1.12,0.86,False,38,35 48 39 34 31 41 35 38 34 40 41,FOUR-WAY INTERSECTION,FOUR-WAY INTERSECTION,False,False
SW 11TH ST & SW DEPOT AVE,SW 11th St & SW Depot Ave,2019,2.0,4.6,1.58,1.44,0.87,False,14,2 0 2 4 2 2 2 8 8 5 5,ROUNDABOUT,ROUNDABOUT,False,False
SW 35TH BLVD & WINDMEADOWS BLVD,SW 35th Blvd & Windmeadows Blvd,2018,1.7,5.1,1.98,1.55,0.88,False,15,0 1 4 3 4 2 6 6 5 8 7,FOUR-WAY INTERSECTION,FOUR-WAY INTERSECTION,False,False
SW 40TH BLVD & SW 42ND ST,SW 40th Blvd & SW 42nd St,2018,6.3,7.0,0.83,1.32,0.88,False,100,6 5 8 7 4 6 10 6 9 9 5,FOUR-WAY INTERSECTION,FOUR-WAY INTERSECTION,False,False
SW 23RD DR & SW ARCHER RD,SW 23rd Dr & SW Archer Rd,2018,17.7,17.0,0.8,1.2,0.89,False,86,19 16 18 16 15 11 20 20 21 14 19,FOUR-WAY INTERSECTION,FOUR-WAY INTERSECTION,False,False
SW 30TH AVE & SW 42ND ST,SW 30th Ave & SW 42nd St,2018,2.0,5.2,1.63,1.61,0.91,False,23,0 2 4 5 5 3 6 5 4 8 6,FOUR-WAY INTERSECTION,FOUR-WAY INTERSECTION,False,False
SW 34TH ST & WINDMEADOWS BLVD,SW 34th St & Windmeadows Blvd,2023,34.5,31.7,0.79,1.17,0.91,False,41,36 28 35 32 32 37 35 41 27 26 42,T-INTERSECTION,T-INTERSECTION,False,False
NE 16TH AVE & NE 9TH ST,NE 16th Ave & NE 9th St,2022,5.6,6.0,0.78,1.38,0.92,False,112,4 5 4 8 6 3 9 5 6 8 5,FOUR-WAY INTERSECTION,FOUR-WAY INTERSECTION,False,False
NW 16TH AVE & NW 22ND ST,NW 16th Ave & NW 22nd St,2018,3.3,5.4,1.04,1.55,0.93,False,61,3 4 3 4 5 5 4 5 5 12 3,FOUR-WAY INTERSECTION,FOUR-WAY INTERSECTION,False,False
SW 13TH ST & SW 16TH AVE,SW 13th St & SW 16th Ave,2019,27.2,26.1,0.8,1.2,0.94,False,61,30 24 26 29 25 22 25 24 30 31 26,FOUR-WAY INTERSECTION,FOUR-WAY INTERSECTION,False,False
NW 16TH AVE & NW 34TH ST,NW 16th Ave & NW 34th St,2019,19.5,19.4,0.79,1.26,0.95,False,81,13 19 22 24 17 18 15 20 19 21 26,FOUR-WAY INTERSECTION,FOUR-WAY INTERSECTION,False,False
SW 20TH AVE & SW 61ST ST,SW 20th Ave & SW 61st St,2021,6.8,7.4,0.76,1.43,0.95,False,118,0 2 8 12 13 6 5 7 10 5 10,T-INTERSECTION,T-INTERSECTION,False,False
SW 16TH AVE & SW 16TH ST,SW 16th Ave & SW 16th St,2023,6.6,7.7,0.78,1.49,0.96,False,124,6 5 4 8 5 6 10 9 7 9 7,FOUR-WAY INTERSECTION,FOUR-WAY INTERSECTION,False,False
SW 24TH AVE & SW 34TH ST,SW 24th Ave & SW 34th St,2022,17.6,18.0,0.8,1.28,0.96,False,74,17 13 14 17 17 18 27 15 15 29 13,T-INTERSECTION,T-INTERSECTION,False,False
SW 23RD ST & SW ARCHER RD,SW 23rd St & SW Archer Rd,2023,8.1,9.7,0.78,1.53,0.98,False,124,9 8 2 10 12 3 12 9 13 6 10,T-INTERSECTION,FOUR-WAY INTERSECTION,True,False
HULL RD & SW 34TH ST,Hull Rd & SW 34th St,2020,22.0,22.0,0.75,1.33,0.99,False,73,18 21 21 23 27 13 24 24 29 21 21,FOUR-WAY INTERSECTION,FOUR-WAY INTERSECTION,False,False
NW 13TH ST & NW 6TH ST,NW 13th St & NW 6th St,2018,16.0,18.0,0.79,1.42,0.99,False,87,11 23 14 17 14 14 15 21 19 26 18,Y-INTERSECTION,Y-INTERSECTION,False,False
SW 30TH PL & SW 42ND ST,SW 30th Pl & SW 42nd St,2019,2.2,6.4,1.25,2.28,1.0,False,24,0 1 2 6 8 3 3 9 7 7 8,FOUR-WAY INTERSECTION,FOUR-WAY INTERSECTION,False,False
SW 6TH ST & SW DEPOT AVE,SW 6th St & SW Depot Ave,2018,2.0,8.9,1.58,2.81,1.0,False,23,0 5 1 3 15 7 6 11 7 12 10,ROUNDABOUT,ROUNDABOUT,False,False
